{
    "title": "Vector-Optimized Library of Kernels (VOLK)",
    "license": {
        "id": "LGPL-3.0-or-later"
    },
    "keywords": [
        "communication",
        "software radio",
        "SDR",
        "C",
        "C++",
        "SIMD",
        "library"
    ],
    "creators": [
        {
            "affiliation": "Department of Communications Engineering, University of Bremen, Germany",
            "name": "Demel, Johannes",
            "orcid": "0000-0002-5434-7232"
        },
        {
            "name": "Dickens, Michael"
        },
        {
            "name": "Anderson, Douglas"
        },
        {
            "name": "Ashton, Brennan"
        },
        {
            "name": "Balister, Philip"
        },
        {
            "name": "Behar, Doron"
        },
        {
            "name": "Behnke, Steven"
        },
        {
            "name": "Bekhit, Amr"
        },
        {
            "name": "Bernstein, Olaf"
        },
        {
            "affiliation": "Carnegie Mellon University, IIT Bombay",
            "name": "Bhowmick, Abhishek"
        },
        {
            "name": "Blossom, Eric"
        },
        {
            "name": "Blum, Josh"
        },
        {
            "name": "Bottoms, A. Maitland"
        },
        {
            "name": "Briggs, Elliot"
        },
        {
            "name": "Brighthope, Ashley"
        },
        {
            "name": "Cardoso, Jeison"
        },
        {
            "name": "Cercueil, Paul"
        },
        {
            "affiliation": "Corgan Labs",
            "name": "Corgan, Johnathan"
        },
        {
            "affiliation": "Skylark Wireless (@skylarkwireless)",
            "name": "Corgan, Nicholas"
        },
        {
            "name": "Cruz, Luigi"
        },
        {
            "name": "Economos, Ron"
        },
        {
            "name": "Enochs, Brandon P."
        },
        {
            "name": "Est\u00e9vez, Daniel"
        },
        {
            "name": "Farina, Rick"
        },
        {
            "affiliation": "Centre Tecnol\u00f2gic de Telecomunicacions de Catalunya (CTTC)",
            "name": "Fernandez, Carles"
        },
        {
            "name": "Fischer, Moritz"
        },
        {
            "name": "Foster, Nick"
        },
        {
            "name": "Geiger, Douglas"
        },
        {
            "name": "Giard, Pascal"
        },
        {
            "name": "Goavec-Merou, Gwenhael"
        },
        {
            "name": "Habets, Thomas"
        },
        {
            "name": "Hilburn, Ben"
        },
        {
            "name": "Holguin, Albert"
        },
        {
            "name": "Iwamoto, Jessica"
        },
        {
            "name": "Kaesberger, Martin"
        },
        {
            "name": "Lane, Sam"
        },
        {
            "name": "Lichtman, Marc"
        },
        {
            "name": "Logue, Kyle A"
        },
        {
            "name": "Lundmark, Magnus"
        },
        {
            "name": "Markgraf, Steve"
        },
        {
            "name": "Mayer, Christoph"
        },
        {
            "name": "McCarthy, Nicholas"
        },
        {
            "name": "McCarthy, Nick"
        },
        {
            "affiliation": "University of Colorado Boulder",
            "name": "Miralles, Damian"
        },
        {
            "name": "Munaut, Sylvain"
        },
        {
            "name": "M\u00fcller, Marcus"
        },
        {
            "affiliation": "GCN Development",
            "name": "Nieboer, Geof"
        },
        {
            "affiliation": "@deepsig",
            "name": "O'Shea, Tim"
        },
        {
            "name": "Olivain, Julien"
        },
        {
            "name": "Oltmanns, Stefan"
        },
        {
            "name": "Pinkava, Jiri"
        },
        {
            "name": "Piscopo, Mike"
        },
        {
            "name": "Poyraz, Suleyman"
        },
        {
            "name": "Quiceno, Jam M. Hernandez"
        },
        {
            "name": "Rene, Mathieu"
        },
        {
            "name": "Rikitake, Kenji"
        },
        {
            "name": "Ritterhoff, Florian"
        },
        {
            "name": "Robertson, Dan"
        },
        {
            "name": "Rocca, Federico 'Larroca' La"
        },
        {
            "name": "Rode, Andrej"
        },
        {
            "name": "Rodionov, Andrey"
        },
        {
            "name": "Roe, Michael"
        },
        {
            "affiliation": "GNU Radio",
            "name": "Rondeau, Tom"
        },
        {
            "name": "Sallay, John"
        },
        {
            "name": "Sekine, Takehiro"
        },
        {
            "name": "Semich, Karl"
        },
        {
            "name": "Sergeev, Vanya"
        },
        {
            "name": "Slokva, Alexey"
        },
        {
            "name": "Smith, Clayton"
        },
        {
            "affiliation": "Medurit AB",
            "name": "Stigo, Albin"
        },
        {
            "name": "Thompson, Adam"
        },
        {
            "name": "Thompson, Roy"
        },
        {
            "name": "Velichkov, Vasil"
        },
        {
            "affiliation": "@MITHaystack",
            "name": "Volz, Ryan"
        },
        {
            "name": "Walls, Andy"
        },
        {
            "name": "Ward, Don"
        },
        {
            "name": "West, Nathan"
        },
        {
            "name": "Wiedemann, Bernhard M."
        },
        {
            "name": "Wunsch, Stefan"
        },
        {
            "name": "Zapodovnikov, Valerii"
        },
        {
            "name": "\u0160karvada, Jaroslav"
        },
        {
            "name": "Aang23"
        },
        {
            "name": "AlexandreRouma"
        },
        {
            "name": "Andrew"
        },
        {
            "name": "Zlika"
        },
        {
            "name": "luz.paz"
        },
        {
            "name": "rear1019"
        },
        {
            "name": "tinyboxvk"
        }
    ]
}